Time,Surrounding Temp,Milk Temp
1,38.72,37
2,38.72,37.25
3,38.73,37
4,38.75,37.25
5,38.77,37.5
6,38.78,37.25
7,38.79,37.25
8,38.79,37.25
9,38.8,37.25
10,38.8,37.25
11,38.8,37
12,38.81,37.5
13,38.82,37.25
14,38.83,37.5
15,38.84,37.25
16,38.85,37.75
17,38.86,37
18,38.86,37.25
19,38.87,37.5
20,38.87,37.25
21,38.88,37.5
22,38.88,37.75
23,38.88,37.5
24,38.88,37.75
25,38.88,37.5
26,38.88,37.25
27,38.88,37.25
28,38.88,37.5
29,38.88,37.5
30,38.89,37
31,38.89,37.5
32,38.89,37.5
33,38.91,37.5
34,38.92,37.75
35,38.93,37.5
36,38.93,37.75
37,38.93,37.5
38,38.92,36.75
39,38.92,37.75
40,38.92,37.5
41,38.93,37.5
42,38.93,37.5
43,38.93,37.5
44,38.93,37.5
45,38.92,37.75
46,38.93,37.5
47,38.93,37.5
48,38.93,37.5
49,38.92,37.25
50,38.91,37.75
51,38.9,37.75
52,38.9,38
53,38.89,37.5
54,38.88,37.75
55,38.88,37.75
56,38.87,37.5
57,38.86,37.75
58,38.83,37.5
59,38.8,37.5
60,38.8,37.5
61,38.78,37.75
62,38.75,38
63,38.72,37.5
64,38.68,37.5
65,38.65,37.75
66,38.64,38
67,38.63,37.75
68,38.59,37
69,38.61,37.75
70,38.63,37.75
71,38.71,37.5
72,38.71,38.25
73,38.71,37.75
74,38.7,37.75
75,38.7,38
76,38.7,37.5
77,38.69,38
78,38.69,38
79,38.69,38
80,38.66,37.75
81,38.64,37.5
82,38.62,38
83,38.6,38
84,38.55,38
85,38.53,37.75
86,38.46,37.75
87,38.33,38
88,38.18,38
89,38.05,37.75
90,38.02,38.25
91,37.97,38
92,37.95,38
93,37.87,38
94,37.77,37.75
95,38.41,38.5
96,38.45,37.75
97,38.49,38
98,38.55,38.25
99,38.57,38.25
100,38.62,38.25
101,38.63,37.5
102,38.48,38.5
103,38.53,38.5
104,38.64,38.25
105,38.64,38
106,38.69,38.25
107,38.67,38.25
108,38.71,38.25
109,38.71,38
110,38.72,38.5
111,38.73,38.25
112,38.72,38.5
113,38.72,38.25
114,38.76,38.25
115,38.77,38.25
116,38.78,38.5
117,38.78,38
118,38.78,38.5
119,38.78,38
120,38.79,38.25
121,38.79,38.75
122,38.79,38.75
123,38.78,38.25
124,38.78,38.5
125,38.77,38
126,38.79,38
127,38.8,38.25
128,38.8,38.5
129,38.8,38.5
130,38.81,38.5
131,38.85,38.25
132,38.83,38.75
133,38.86,38.25
134,38.88,38.75
135,38.87,38.75
136,38.86,38.5
137,38.87,39
138,38.88,38.75
139,38.88,38.5
140,38.88,38.25
141,38.89,38.75
142,38.9,38.75
143,38.92,38.75
144,38.93,39
145,38.93,38.75
146,38.93,38.5
147,38.93,38.75
148,38.93,38.5
149,38.93,38.75
150,38.94,38.5
151,38.95,38.5
152,38.96,38.5
153,38.96,38.75
154,38.96,38.25
155,38.97,38.75
156,38.96,39
157,38.98,38.75
158,38.98,38.5
159,39.01,38.75
160,39.02,39
161,39.02,38.5
162,39.02,39
163,39.01,38.75
164,39,39
165,39.01,38.25
166,39.01,38.75
167,39.02,38.5
168,39.02,39
169,39.01,38.5
170,39.03,39
171,39.02,39.25
172,39.03,38.75
173,39.04,39
174,39.04,39.25
175,39.05,39.25
176,39.05,38.75
177,39.06,39
178,39.07,39.5
179,39.05,38.5
180,39.06,39.25
181,39.05,39.25
182,39.06,39.25
183,39.06,38.75
184,39.06,39.25
185,39.07,38.75
186,39.05,38.75
187,39.08,39.25
188,39.09,39.25
189,39.07,39.25
190,39.08,39
191,39.07,39.25
192,39.08,39.25
193,39.06,39
194,39.04,39
195,39.05,39.25
196,39.04,39.25
197,39.04,39.5
198,39.04,39
199,39.04,39.5
200,39.04,39.25
201,39.07,39
202,39.08,39.25
203,39.09,39.25
204,39.09,39.25
205,39.1,39.25
206,39.09,39.5
207,39.08,39.5
208,39.1,39.5
209,39.11,39.25
210,39.11,39
211,39.11,39.25
212,39.1,39.25
213,39.09,39.75
214,39.05,39.75
215,39.03,39
216,39.03,39.5
217,39.02,39
218,39.02,39.25
219,38.99,39.25
220,38.98,39.5
221,38.98,39.5
222,38.98,39.5
223,38.95,39.5
224,38.88,39
225,38.72,38.75
226,38.67,39.25
227,38.5,39.25
228,38.56,39.75
229,38.99,39.25
230,39.08,39.75
231,39.11,39.5
232,39.15,39.75
233,39.15,39.25
234,39.18,39.75
235,39.19,39.5
236,39.24,39.25
237,39.25,39.5
238,39.26,39.25
239,39.27,39.5
240,39.28,40
241,39.3,39.75
242,39.3,39.5
243,39.3,39.5
244,39.3,39.25
245,39.31,39
246,39.32,39.5
247,39.32,39.25
248,39.33,39.25
249,39.32,40
250,39.32,39.75
251,39.33,39.25
252,39.33,39.5
253,39.33,39.5
254,39.31,39.5
255,39.31,39.5
256,39.32,39.75
257,39.33,39.75
258,39.33,40
259,39.34,39.5
260,39.34,39.25
261,39.35,39.5
262,39.35,40
263,39.35,39.75
264,39.35,40
265,39.35,39.75
266,39.35,39.75
267,39.35,39.75
268,39.36,39.75
269,38.33,39.25
270,38.55,39.75
271,38.68,39.75
272,38.73,39
273,38.79,39.75
274,38.85,39.25
275,38.88,40
276,38.88,39.75
277,38.89,39.75
278,38.92,39.5
279,38.95,39.75
280,38.96,39.75
281,38.96,39.25
282,38.97,39.75
283,38.99,39.75
284,38.99,39.75
285,39,40
286,39.09,39.5
287,39.12,39.5
288,39.12,39.75
289,39.14,39.75
290,39.12,39.75
291,39.13,40
292,39.15,39.75
293,39.18,39.75
294,39.19,39.25
295,39.2,39.5
296,39.21,39.75
297,39.23,40
298,39.24,40
299,39.26,40
300,39.27,40
301,39.27,39.75
302,39.27,40.25
303,39.28,40
304,39.28,39.75
305,39.29,39.75
306,39.3,39.75
307,39.31,39.75
308,39.31,39.75
309,39.32,39.5
310,39.32,39.75
311,39.32,39.5
312,39.33,39.75
313,39.33,39.75
314,39.34,40
315,39.35,40
316,39.35,40.25
317,39.35,40
318,39.35,39.75
319,39.35,40
320,39.35,40.25
321,39.35,39.75
322,39.35,40
323,39.35,40.25
324,39.36,40.25
325,39.36,40
326,39.36,40.25
327,39.36,39.75
328,39.36,40.25
329,39.36,40
330,39.36,39.75
331,39.37,39.75
332,39.38,40.25
333,39.38,40
334,39.39,40.25
335,39.39,39.75
336,39.39,39.75
337,39.39,40
338,39.39,39.5
339,39.4,40.25
340,39.4,39.5
341,39.4,40
342,39.41,40.25
343,39.41,40.25
344,39.41,40
345,39.41,39.75
346,39.41,40.25
347,39.42,39.5
348,39.42,40
349,39.42,40
350,39.42,40
351,39.43,40
352,39.43,39.25
353,39.43,40.25
354,39.43,39.75
355,39.43,40.25
356,39.43,39.5
357,39.43,40
358,39.43,40
359,39.43,40
360,39.43,40
361,39.43,40
362,39.43,40
363,39.43,40.25
364,39.43,39.75
365,39.43,40
366,39.43,40
367,39.44,40.25
368,39.44,40.25
369,39.44,40
370,39.44,40.25
371,39.44,40
372,39.44,40
373,39.44,40.25
374,39.44,40.5
375,39.44,39.5
376,39.45,40
377,39.45,40.25
378,39.45,40
379,39.45,40
380,39.45,40.25
381,39.45,40.25
382,39.45,40.25
383,39.45,40.25
384,39.46,40.25
385,39.46,40
386,39.46,39.75
387,39.46,39.75
388,39.46,39.75
389,39.46,40.25
390,39.46,39.75
391,39.46,40.25
392,39.46,40.25
393,39.46,39.75
394,39.46,40
395,39.47,39.75
396,39.46,39.75
397,39.46,40.25
398,39.47,40.25
399,39.47,40
400,39.47,39.75
401,39.47,40
402,39.47,40.25
403,39.47,40.25
404,39.48,40.25
405,39.48,40.5
406,39.48,40.25
407,39.48,40.25
408,39.47,40
409,39.46,40
410,39.46,40.5
411,39.47,39.75
412,39.47,40.25
413,39.47,40.5
414,39.47,40.5
415,39.48,39.75
416,39.48,40
417,39.48,40.25
418,39.48,40.25
419,39.48,39.75
420,39.48,40
421,39.48,40
422,39.49,40
423,39.49,40
424,39.49,40.5
425,39.49,40
426,39.49,40.25
427,39.49,39.75
428,39.49,40.5
429,39.49,40.25
430,39.49,40.25
431,39.49,39.75
432,39.49,40.25
433,39.49,40
434,39.5,40.25
435,39.49,40.5
436,39.5,40.25
437,39.49,40.25
438,39.5,40.5
439,39.49,40.25
440,39.5,40.25
441,39.5,40.5
442,39.5,40
443,39.5,40.25
444,39.5,40
445,39.5,40.5
446,39.5,40
447,39.5,40.25
448,39.5,39.75
449,39.5,40.25
450,39.5,40.25
451,39.5,40.25
452,39.5,39.75
453,39.5,40.25
454,39.5,40.5
455,39.5,40.25
456,39.5,40.5
457,39.5,40.25
458,39.5,40.25
459,39.5,40.25
460,39.5,40.25
461,39.5,40.5
462,39.5,40.5
463,39.5,40.25
464,39.5,40.25
465,39.5,40.25
466,39.5,40.25
467,39.5,40.25
468,39.5,40.25
469,39.5,40.5
470,39.5,40.25
471,39.5,40.5
472,39.5,40
473,39.5,40.25
474,39.5,40.25
475,39.5,40.5
476,39.5,40
477,39.5,40.5
478,39.5,40.25
479,39.5,40.25
480,39.5,40.5
481,39.5,40.5
482,39.5,40.5
483,39.5,40.25
484,39.5,40.75
485,39.5,40.25
486,39.5,40
487,39.5,40.25
488,39.5,40.5
489,39.5,40
490,39.5,40.25
491,39.5,40.25
492,39.5,40
493,39.5,40.5
494,39.5,40.5
495,39.5,40.5
496,39.5,40.5
497,39.5,40.25
498,39.5,40.25
499,39.5,40.5
500,39.5,40.25
501,39.5,40.25
502,39.5,40.25
503,39.5,40
504,39.5,39.75
505,39.5,40.25
506,39.5,40.5
507,39.5,40
508,39.5,40.5
509,39.48,40
510,39.47,40.5
511,39.46,40.5
512,39.47,40.5
513,39.47,40
514,39.47,40.5
515,39.47,40.25
516,39.48,40.5
517,39.48,40.5
518,39.48,40.5
519,39.48,40
520,39.48,40.25
521,39.48,40.25
522,39.48,39.75
523,39.48,40.25
524,39.48,40.25
525,39.48,40.75
526,39.48,40.25
527,39.48,40.5
528,39.48,40.25
529,39.48,40.25
530,39.48,40.25
531,39.48,40.5
532,39.48,40.75
533,39.48,40.25
534,39.48,40.5
535,39.48,40.5
536,39.48,40
537,39.48,40.75
538,39.48,40.5
539,39.48,40
540,39.48,40
541,39.48,40.75
542,39.48,40.75
543,39.48,40.75
544,39.48,39.75
545,39.48,40.5
546,39.48,40.5
547,39.48,40.25
548,39.48,40.25
549,39.48,40.25
550,39.47,40.5
551,39.47,40.5
552,39.47,40.5
553,39.47,40.75
554,39.47,40.25
555,39.47,40.75
556,39.47,40
557,39.47,40.75
558,39.47,40.5
559,39.47,40.25
560,39.46,40.75
561,39.47,40.75
562,39.46,40.5
563,39.46,40.5
564,39.46,40
565,39.46,40.5
566,39.46,40.25
567,39.46,40.25
568,39.46,40.25
569,39.46,40.5
570,39.46,40.75
571,39.46,40.5
572,39.46,40.5
573,39.46,40.75
574,39.46,40.5
575,39.45,40.25
576,39.45,40.5
577,39.45,40.5
578,39.45,40.75
579,39.45,40.5
580,39.45,40.25
581,39.45,40.25
582,39.45,40.5
583,39.45,40.5
584,39.45,40.5
585,39.45,40.5
586,39.45,40.5
587,39.44,40.5
588,39.44,39.75
589,39.45,40.25
590,39.44,40.25
591,39.44,40.5
592,39.44,40
593,39.44,40.25
594,39.44,40.5
595,39.44,40.5
596,39.44,40.5
597,39.44,40.25
598,39.44,40.5
599,39.44,40.5
600,39.44,40.25
601,39.44,40.5
602,39.44,40.5
603,39.44,40.5
604,39.44,40.75
605,39.43,40.5
606,39.43,40.5
607,39.43,40.75
608,39.43,40.5
609,39.43,40.5
610,39.43,40.5
611,39.43,40.5
612,39.43,40.5
613,39.43,40.5
614,39.43,40.25
615,39.43,40.75
616,39.43,40.75
617,39.43,40.5
618,39.43,40.5
619,39.43,40.25
620,39.43,40.75
621,39.43,40.5
622,39.43,40.25
623,39.43,40.5
624,39.43,40.25
625,39.43,40
626,39.43,40.5
627,39.43,40.5
628,39.43,40.75
629,39.43,40.5
630,39.43,40.5
631,39.42,40.25
632,39.42,40.5
633,39.42,40.25
634,39.42,40.5
635,39.42,40.5
636,39.42,40.25
637,39.42,40.5
638,39.42,40.25
639,39.42,40.75
640,39.42,40.5
641,39.41,40.5
642,39.41,40.25
643,39.41,40.25
644,39.41,40.5
645,39.41,40.5
646,39.41,40.25
647,39.41,40.75
648,39.41,40.25
649,39.41,40.25
650,39.41,40.75
651,39.41,40.25
652,39.41,40.25
653,39.41,40
654,39.41,40.5
655,39.4,40.25
656,39.4,40.25
657,39.4,40
658,39.4,40
659,39.4,40.5
660,39.39,40.5
661,39.39,40.5
662,39.39,40.25
663,39.39,40.5
664,39.39,40.75
665,39.39,40.25
666,39.39,40.25
667,39.38,40.25
668,39.38,40
669,39.38,40.25
670,39.38,40.75
671,39.38,40.25
672,39.38,40.25
673,39.38,40.5
674,39.37,40.5
675,39.37,40.25
676,39.37,40.25
677,39.37,40.25
678,39.36,40.5
679,39.36,40
680,39.36,40.5
681,39.36,40.5
682,39.36,40.5
683,39.36,40.25
684,39.36,40.5
685,39.36,40.75
686,39.36,40.25
687,39.36,40.25
688,39.36,40
689,39.36,40.5
690,39.35,40.5
691,39.35,40.75
692,39.35,40.25
693,39.35,40
694,39.35,40.5
695,39.35,40.25
696,39.35,40
697,39.35,40.5
698,39.35,39.5
699,39.35,40.5
700,39.35,40.5
701,39.35,40.25
702,39.35,40.5
703,39.35,40.25
704,39.35,40.25
705,39.35,40.5
706,39.35,40.25
707,39.35,39.75
708,39.35,41
709,39.35,39.75
710,39.35,40.25
711,39.34,40.5
712,39.34,40
713,39.34,40.5
714,39.34,39.75
715,39.34,40
716,39.34,40.5
717,39.34,40.5
718,39.33,40.5
719,39.33,40.25
720,39.33,40.5
721,39.33,40.25
722,39.33,40.25
723,39.32,40.5
724,39.32,40.5
725,39.32,40.25
726,39.32,40.5
727,39.32,40
728,39.32,40.75
729,39.31,40.5
730,39.31,40.25
731,39.31,40.5
732,39.31,40.5
733,39.31,40
734,39.3,40
735,39.3,40.5
736,39.3,40.25
737,39.3,41
738,39.29,40.25
739,39.29,40
740,39.29,40.5
741,39.29,40.5
742,39.28,40.25
743,39.28,40
744,39.28,40.25
745,39.28,40.25
746,39.28,40
747,39.28,40.5
748,39.28,40.5
749,39.28,40.5
750,39.28,39.5
751,39.27,40.25
752,39.27,40
753,39.27,40
754,39.27,40.5
755,39.27,40
756,39.27,40
757,39.27,40.5
758,39.27,40.75
759,39.27,40.5
760,39.27,40.5
761,39.27,40.5
762,39.27,40.25
763,39.27,40.5
764,39.27,40.5
765,39.26,40.25
766,39.26,40.25
767,39.26,40.5
768,39.26,40.75
769,39.26,40.75
770,39.26,40.75
771,39.26,40.25
772,39.26,40
773,39.25,40
774,39.25,40.5
775,39.25,40.25
776,39.25,40.25
777,39.24,40.25
778,39.24,40.25
779,39.24,40.25
780,39.24,40
781,39.24,39.75
782,39.23,40.5
783,39.23,40.25
784,39.23,40
785,39.22,40.25
786,39.22,40.25
787,39.21,40
788,39.21,40
789,39.21,40.25
790,39.21,40
791,39.21,40.5
792,39.2,40.5
793,39.2,40.5
794,39.2,40.5
795,39.2,40.25
796,39.2,40.5
797,39.2,40
798,39.2,40.5
799,39.2,40.5
800,39.2,40
801,39.19,40.5
802,39.2,40.5
803,39.19,40.5
804,39.19,40.5
805,39.19,40.5
806,39.19,40
807,39.19,40.25
808,39.19,40.5
809,39.19,40.5
810,39.19,40.5
811,39.19,40.25
812,39.19,40.5
813,39.19,40.25
814,39.19,40.25
815,39.19,40.25
816,39.18,40.25
817,39.18,39.75
818,39.18,40
819,39.18,40.25
820,39.18,40.25
821,39.18,40.25
822,39.18,40.25
823,39.18,40.25
824,39.17,40.5
825,39.17,40.25
826,39.17,40.5
827,39.17,40
828,39.17,40.5
829,39.16,40.5
830,39.16,40.5
831,39.16,39.75
832,39.15,40
833,39.15,40.25
834,39.15,40.25
835,39.14,40.25
836,39.14,40.25
837,39.13,40.25
838,39.13,40.5
839,39.13,40.25
840,39.12,39.75
841,39.12,40.5
842,39.12,40.25
843,39.12,39.75
844,39.12,40.25
845,39.12,40.25
846,39.12,40.25
847,39.11,40
848,39.11,40
849,39.11,39.75
850,39.11,40.25
851,39.11,40
852,39.11,40.25
853,39.11,40.5
854,39.11,40
855,39.11,40
856,39.11,40.5
857,39.11,40.5
858,39.11,39.75
859,39.1,40.25
860,39.1,40.5
861,39.1,40
862,39.1,40.25
863,39.1,40.5
864,39.09,40.5
865,39.09,40.25
866,39.09,40.25
867,39.09,40
868,39.09,39.75
869,39.09,40.25
870,39.08,40.25
871,39.08,40.5
872,39.08,40.25
873,39.08,40.25
874,39.07,40.25
875,39.07,39.75
876,39.06,40
877,39.06,40.5
878,39.06,40
879,39.05,40.25
880,39.05,40.5
881,39.05,40.25
882,39.04,40
883,39.04,39.75
884,39.04,40.75
885,39.04,40
886,39.04,40
887,39.04,39.75
888,39.03,40.25
889,39.03,39.75
890,39.03,40
891,39.03,40
892,39.03,40.25
893,39.03,39.75
894,39.03,40.25
895,39.03,39.5
896,39.03,39.75
897,39.03,40
898,39.02,40
899,39.02,40.25
900,39.02,39.75
901,39.01,40.25
902,39.01,40.5
903,39.01,39.75
904,39,40
905,39,40
906,39,39.5
907,39,40.25
908,39,40
909,38.99,40.25
910,38.99,39.75
911,38.99,40.25
912,38.99,40.25
913,38.99,39.75
914,38.98,40.25
915,38.98,40.25
916,38.98,40
917,38.98,39.75
918,38.98,39.75
919,38.98,39.5
920,38.97,40
921,38.97,39.75
922,38.97,39.75
923,38.97,40
924,38.96,40
925,38.96,40.25
926,38.96,40
927,38.96,40.25
928,38.96,40
929,38.96,39.5
930,38.96,40
931,38.96,39.25
932,38.96,40
933,38.96,40
934,38.96,40.25
935,38.96,39.25
936,38.96,39.75
937,38.95,40
938,38.95,40.25
939,38.95,39.75
940,38.95,40
941,38.95,40
942,38.95,39.75
943,38.95,39.75
944,38.95,40
945,38.95,39.75
946,38.94,39.75
947,38.94,39.75
948,38.94,40.25
949,38.94,40
950,38.94,40.25
951,38.94,40
952,38.94,40
953,38.93,40
954,38.93,40.25
955,38.93,40
956,38.93,40
957,38.93,40.25
958,38.93,40
959,38.93,40
960,38.92,39.25
961,38.92,39.75
962,38.92,40.25
963,38.92,40.25
964,38.92,40
965,38.92,40.25
966,38.91,40
967,38.91,40.25
968,38.91,39.75
969,38.91,40
970,38.91,40.25
971,38.91,40
972,38.9,39.5
973,38.9,39.5